City_ID,City,Lat,Lng,Max Temp,Humidity,Cloudiness,Wind Speed,Country,Date
0,sao joao da barra,-21.6403,-41.0511,22.34,66,96,5.33,BR,1682057323
1,west island,-12.1568,96.8225,28.99,74,40,7.72,CC,1682057324
2,stanley,54.868,-1.6985,8.07,88,59,5.66,GB,1682057324
3,papatowai,-46.5619,169.4708,11.73,91,78,0.26,NZ,1682057325
4,hawaiian paradise park,19.5933,-154.9731,23.73,93,100,2.57,US,1682057325
5,mount isa,-20.7333,139.5,30.87,29,40,5.14,AU,1682057325
6,uturoa,-16.7333,-151.4333,28.5,78,100,8.16,PF,1682057326
7,bull savanna,17.8868,-77.5902,22.35,85,5,2.35,JM,1682057326
8,vila franca do campo,37.7167,-25.4333,13.23,79,68,4.88,PT,1682057327
9,pasuquin,18.3328,120.6177,31.14,63,12,4.75,PH,1682057327
10,puerto natales,-51.7236,-72.4875,4.51,92,88,3.49,CL,1682057327
11,toliara,-23.35,43.6667,26.55,72,51,2.65,MG,1682057328
12,utrik,11.2278,169.8474,26.63,74,69,8.24,MH,1682057328
13,albany,42.6001,-73.9662,8.23,59,97,1.0,US,1682057329
14,prince george,53.9166,-122.753,3.47,89,100,0.45,CA,1682057329
15,port-aux-francais,-49.35,70.2167,4.38,66,84,14.46,TF,1682057330
16,bubaque,11.2833,-15.8333,24.9,70,100,2.9,GW,1682057330
17,queenstown,-31.8976,26.8753,8.84,66,70,1.16,ZA,1682057331
18,punta arenas,-53.15,-70.9167,4.06,87,40,8.23,CL,1682057331
19,st. john's,47.5649,-52.7093,2.04,96,100,12.86,CA,1682057331
20,polyarnyy,69.1989,33.4478,1.39,85,100,7.08,RU,1682057332
21,midvagur,62.0511,-7.1939,4.46,75,2,0.51,FO,1682057332
22,papao,-17.75,-149.55,28.7,82,100,11.53,PF,1682057333
23,ushuaia,-54.8,-68.3,4.81,75,75,7.2,AR,1682057333
24,thompson,55.7435,-97.8558,-8.73,96,99,2.23,CA,1682057334
25,adamstown,-25.066,-130.1015,24.21,74,82,1.3,PN,1682057334
26,mount gambier,-37.8333,140.7667,18.44,64,61,3.13,AU,1682057335
27,antalaha,-14.9003,50.2788,27.71,70,97,2.03,MG,1682057335
28,hasaki,35.7333,140.8333,27.9,81,99,5.75,JP,1682057336
29,vorgashor,67.5833,63.95,-2.14,93,100,4.64,RU,1682057336
30,remire-montjoly,4.9167,-52.2667,26.02,89,20,2.57,GF,1682057337
31,bredasdorp,-34.5322,20.0403,12.19,70,83,2.12,ZA,1682057337
32,udachny,66.4167,112.4,-1.97,42,89,4.98,RU,1682057338
33,talnakh,69.4865,88.3972,-5.44,90,95,4.35,RU,1682057338
34,cabo san lucas,22.8909,-109.9124,23.62,61,95,3.54,MX,1682057338
35,labytnangi,66.6572,66.4183,-0.76,94,65,3.4,RU,1682057339
36,bayji,34.9311,43.487,22.54,41,75,6.49,IQ,1682057339
37,nadi,-17.8,177.4167,28.0,83,20,4.63,FJ,1682057340
38,enewetak,11.3474,162.3373,26.94,82,86,7.95,MH,1682057341
39,wailua homesteads,22.0669,-159.378,21.44,86,75,2.57,US,1682057341
40,ribeira grande,38.5167,-28.7,13.76,69,99,3.13,PT,1682057341
41,fortuna,40.5982,-124.1573,11.48,81,100,0.88,US,1682057342
42,fort mcmurray,56.7268,-111.381,-1.79,92,21,2.49,CA,1682057342
43,longyearbyen,78.2186,15.6401,-14.09,56,20,7.2,SJ,1682057343
44,kerikeri,-35.2268,173.9474,19.95,96,99,1.34,NZ,1682057189
45,ceeldheer,3.8488,47.1806,30.19,61,91,3.32,SO,1682057344
46,rockland,41.1668,-74.0496,11.0,74,71,1.16,US,1682057344
47,rio branco,-9.9747,-67.81,21.34,100,20,1.03,BR,1682057345
48,weno,7.4515,151.8468,30.97,70,40,2.57,FM,1682057345
49,ivins,37.1686,-113.6794,14.62,24,26,3.06,US,1682057346
50,isafjordur,66.0755,-23.124,2.34,95,100,5.92,IS,1682057346
51,olinala,17.8333,-98.85,21.05,64,26,1.48,MX,1682057346
52,port mathurin,-19.6833,63.4167,26.19,73,13,8.49,MU,1682057347
53,vilyuchinsk,52.9306,158.4028,2.15,98,100,9.06,RU,1682057347
54,waitangi,-43.9535,-176.5597,16.01,93,90,2.68,NZ,1682057348
55,ilulissat,69.2167,-51.1,-6.99,73,100,1.54,GL,1682057348
56,nishinoomote,30.7333,131.0,19.41,86,100,10.0,JP,1682057348
57,tsiombe,-25.3,45.4833,27.85,53,0,2.29,MG,1682057349
58,highfields,-27.4518,151.9463,17.98,73,72,5.97,AU,1682057349
59,qaqortoq,60.7167,-46.0333,0.43,77,58,0.99,GL,1682057350
60,bilibino,68.0546,166.4372,0.23,86,55,0.96,RU,1682057350
61,terekli-mekteb,44.1671,45.8698,16.15,63,74,9.36,RU,1682057351
62,blackmans bay,-43.0167,147.3167,21.07,81,99,2.66,AU,1682057351
63,vallegrande,-18.4897,-64.1069,8.3,84,76,0.86,BO,1682057352
64,tughyl,47.7252,84.2063,1.22,57,76,1.84,KZ,1682057352
65,laval,45.57,-73.692,4.6,62,97,4.47,CA,1682057353
66,uttar char fasson,22.2332,90.7132,30.77,69,14,6.25,BD,1682057353
67,carnarvon,-24.8667,113.6333,28.36,37,15,2.39,AU,1682057354
68,vilhena,-12.7406,-60.1458,17.08,97,62,1.48,BR,1682057354
69,dudinka,69.4058,86.1778,-5.21,91,92,6.6,RU,1682057355
70,akhty,41.4597,47.7312,20.71,36,26,2.25,RU,1682057355
71,port elizabeth,-33.918,25.5701,14.62,64,41,5.36,ZA,1682057355
72,severodvinsk,64.5635,39.8302,5.06,98,100,4.11,RU,1682057356
73,makokou,0.5738,12.8642,21.55,98,100,1.45,GA,1682057356
74,anadyr,64.75,177.4833,-5.72,79,0,7.0,RU,1682057357
75,chonchi,-42.6128,-73.8092,10.07,89,100,0.91,CL,1682057357
76,nova sintra,14.8667,-24.7167,19.4,80,91,9.01,CV,1682057358
77,grytviken,-54.2811,-36.5092,1.55,85,89,5.25,GS,1682057358
78,avarua,-21.2078,-159.775,25.03,73,20,2.06,CK,1682057358
79,ta`u,-14.2336,-169.5144,28.28,78,85,9.52,AS,1682057359
80,nuuk,64.1835,-51.7216,-1.66,100,100,1.54,GL,1682057359
81,mugia,43.1041,-9.2179,12.73,80,100,4.02,ES,1682057359
82,margate,51.3813,1.3862,7.61,84,60,5.41,GB,1682057360
83,hotan,37.0997,79.9269,12.89,38,96,1.57,CN,1682057361
84,gorom-gorom,14.4439,-0.2361,30.58,13,100,3.78,BF,1682057361
85,tazovsky,67.4667,78.7,-3.43,90,100,5.68,RU,1682057362
86,laguna,38.421,-121.4238,16.08,63,0,2.06,US,1682057362
87,fale old settlement,-9.3852,-171.2468,28.8,73,85,3.99,TK,1682057363
88,birjand,32.8663,59.2211,21.72,13,0,3.15,IR,1682057363
89,kuqa,41.7278,82.9364,15.85,23,91,4.63,CN,1682057363
90,beni saf,35.301,-1.3823,10.16,59,0,1.52,DZ,1682057364
91,whitehorse,60.7161,-135.0538,2.43,75,75,2.06,CA,1682057364
92,kodiak,57.79,-152.4072,4.73,60,0,0.0,US,1682057365
93,altai,46.3722,96.2583,-0.59,20,4,4.26,MN,1682057365
94,tiksi,71.6872,128.8694,-11.65,90,100,6.59,RU,1682057365
95,ketchikan,55.3422,-131.6461,6.99,81,0,0.0,US,1682057366
96,petnjica,42.9092,19.9638,8.27,79,10,0.75,ME,1682057366
97,aasiaat,68.7098,-52.8699,-12.5,94,99,2.09,GL,1682057367
98,gleisdorf,47.1061,15.7127,11.59,87,100,0.87,AT,1682057367
99,ixtlahuacan del rio,20.8667,-103.25,19.92,35,21,1.52,MX,1682057367
100,geraldton,-28.7667,114.6,29.23,24,50,6.69,AU,1682057368
101,saipan,15.1355,145.701,30.39,100,20,8.75,MP,1682057280
102,okhotsk,59.3833,143.3,2.07,83,100,3.88,RU,1682057369
103,port alfred,-33.5906,26.891,15.1,61,21,2.68,ZA,1682057369
104,tharangambadi,11.0319,79.8528,34.8,51,34,6.34,IN,1682057370
105,tual,-5.6667,132.75,28.37,74,48,4.37,ID,1682057370
106,akjoujt,19.6969,-14.4164,21.6,46,99,7.04,MR,1682057371
107,kargasok,59.0556,80.8572,3.41,86,100,2.5,RU,1682057371
108,margaret river,-33.95,115.0667,21.21,46,1,2.81,AU,1682057372
109,piacabucu,-10.4056,-36.4344,24.73,83,11,3.22,BR,1682057372
110,betio village,1.358,172.9211,30.02,77,78,4.75,KI,1682057373
111,laojunmiao,39.8333,97.7333,2.6,51,100,4.97,CN,1682057373
112,ghanzi,-21.5667,21.7833,20.36,31,85,2.29,BW,1682057374
113,harper,4.375,-7.7169,26.46,83,100,1.75,LR,1682057374
114,reggane,26.7158,0.1714,22.97,25,0,3.91,DZ,1682057375
115,santa cruz de bezana,43.4437,-3.9032,12.59,93,75,1.54,ES,1682057375
116,new norfolk,-42.7826,147.0587,21.72,87,100,2.14,AU,1682057376
117,bethel,41.3712,-73.414,10.78,68,20,0.45,US,1682057376
118,edinburgh of the seven seas,-37.0676,-12.3116,19.14,97,98,5.12,SH,1682057376
119,nar'yan-mar,67.6713,53.087,-1.52,93,96,4.15,RU,1682057377
120,upington,-28.4478,21.2561,9.21,71,0,2.06,ZA,1682057377
121,cidreira,-30.1811,-50.2056,15.83,76,61,1.61,BR,1682057378
122,sandakan,5.8402,118.1179,30.58,62,75,3.45,MY,1682057211
123,alice springs,-23.7,133.8833,23.75,31,82,7.2,AU,1682057361
124,east london,-33.0153,27.9116,16.53,55,60,7.92,ZA,1682057379
125,klyuchi,52.2667,79.1667,3.41,42,8,1.52,RU,1682057379
126,invercargill,-46.4,168.35,11.68,82,50,0.89,NZ,1682057379
127,maragogi,-9.0122,-35.2225,25.7,78,34,2.77,BR,1682057380
128,dunedin,-45.8742,170.5036,11.56,10,86,1.34,NZ,1682057380
129,padang,-0.9492,100.3543,31.03,75,65,2.69,ID,1682057216
130,nayagarh,20.1333,85.1,38.63,17,68,6.07,IN,1682057381
131,chibougamau,49.9168,-74.3659,-5.18,95,100,0.62,CA,1682057382
132,lihue,21.9789,-159.3672,21.77,86,75,2.57,US,1682057383
133,kristiansund,63.1115,7.732,6.03,93,20,2.06,NO,1682057383
134,novovarshavka,54.1721,74.6946,6.58,23,79,5.18,RU,1682057383
135,tumayr,25.7039,45.868,27.7,19,0,2.98,SA,1682057384
136,cova figueira,14.8905,-24.2934,20.27,79,89,6.84,CV,1682057384
137,nemuro,43.3236,145.575,8.29,53,60,7.91,JP,1682057137
138,nantucket,41.2835,-70.0995,8.33,82,75,4.63,US,1682057385
139,bikenibeu village,1.3673,173.1241,29.98,74,20,2.57,KI,1682057386
140,wanning,18.8003,110.3967,31.18,70,22,5.84,CN,1682057386
141,metahara,8.9,39.9167,27.46,50,58,0.51,ET,1682057387
142,iskateley,67.6803,53.1512,-1.58,93,96,4.14,RU,1682057387
143,jamestown,42.097,-79.2353,17.8,64,0,2.57,US,1682057388
144,galle,6.0367,80.217,30.36,66,15,4.1,LK,1682057388
145,hithadhoo,-0.6,73.0833,29.23,71,97,3.48,MV,1682057389
146,paradip garh,20.3167,86.6167,37.17,31,66,4.81,IN,1682057389
147,lodja,-3.4833,23.4333,21.73,98,100,0.76,CD,1682057390
148,lompoc,34.6391,-120.4579,15.47,77,0,5.14,US,1682057390
149,dodge city,37.7528,-100.0171,8.85,31,20,2.06,US,1682057390
150,susuman,62.7833,148.1667,-2.18,79,100,4.07,RU,1682057391
151,kirensk,57.7853,108.1119,-0.22,54,99,3.84,RU,1682057391
152,puerto aysen,-45.4,-72.7,10.78,98,93,2.73,CL,1682057391
153,canicattini bagni,37.0329,15.0634,14.97,88,100,5.55,IT,1682057392
154,saint-francois,46.4154,3.9054,2.6,93,100,1.03,FR,1682057392
155,den burg,53.0542,4.7972,9.99,83,100,6.69,NL,1682057393
156,idri,27.5,13.2667,23.41,10,68,7.33,LY,1682057393
157,vyaz'ma,55.2104,34.2951,8.43,59,3,4.41,RU,1682057393
158,yellowknife,62.456,-114.3525,-1.91,74,17,1.34,CA,1682057394
159,mitu,1.1983,-70.1733,22.6,99,100,2.37,CO,1682057394
160,valparaiso,-33.0393,-71.6273,16.67,62,100,2.06,CL,1682057395
161,kenai,60.5544,-151.2583,5.05,56,0,2.57,US,1682057395
162,pisco,-13.7,-76.2167,22.03,83,0,3.6,PE,1682057396
163,punta del este,-34.9667,-54.95,12.2,88,6,1.79,UY,1682057396
164,lebu,-37.6167,-73.65,13.25,95,100,1.68,CL,1682057397
165,smithers,54.7804,-127.1743,6.18,65,100,1.03,CA,1682057397
166,solnechnyy,50.7214,136.6319,0.25,92,100,5.82,RU,1682057397
167,greymouth,-42.4667,171.2,15.57,97,100,1.85,NZ,1682057398
168,santa vitoria,-18.8386,-50.1214,15.31,80,16,2.29,BR,1682057398
169,hamilton,39.1834,-84.5333,19.91,51,75,4.12,US,1682057399
170,quelimane,-17.8786,36.8883,23.97,94,20,0.0,MZ,1682057399
171,severnoye,56.3491,78.3619,6.38,38,41,5.17,RU,1682057399
172,tarko-sale,64.9225,77.785,0.02,100,100,4.76,RU,1682057400
173,collie,-33.3667,116.15,25.97,22,36,2.87,AU,1682057400
174,coquimbo,-29.9533,-71.3436,15.85,82,75,2.06,CL,1682057401
175,clevelandia,-26.3958,-52.4708,6.53,82,0,2.05,BR,1682057401
176,san francisco de la paz,14.9,-86.2,19.93,80,100,1.19,HN,1682057402
177,sydney,-33.8679,151.2073,22.16,68,75,6.69,AU,1682057396
178,ploneour-lanvern,47.9,-4.2833,7.16,87,0,2.57,FR,1682057403
179,floro,61.5996,5.0328,10.54,76,0,2.06,NO,1682057403
180,puerto ayora,-0.7393,-90.3518,24.75,100,82,3.08,EC,1682057404
181,westport,41.1415,-73.3579,11.16,76,75,0.89,US,1682057404
182,nsanje,-16.92,35.262,24.14,79,0,0.85,MW,1682057404
183,cockburn town,21.4612,-71.1419,25.28,76,81,7.83,TC,1682057405
184,guarapari,-20.6667,-40.4975,23.27,75,93,5.76,BR,1682057405
185,bukittinggi,-0.3091,100.3706,24.98,80,97,0.45,ID,1682057406
186,kudahuvadhoo,2.6708,72.8944,28.76,69,70,2.03,MV,1682057406
187,luderitz,-26.6481,15.1594,13.47,68,0,6.5,NA,1682057407
188,kill devil hills,36.0307,-75.676,19.43,68,0,3.09,US,1682057408
189,iqaluit,63.7506,-68.5145,-4.61,92,100,0.89,CA,1682057408
190,sola,-13.8833,167.55,27.75,74,97,2.37,VU,1682057409
191,kismayo,-0.3582,42.5454,29.69,69,88,2.69,SO,1682057409
192,tangalle,6.024,80.7911,31.96,60,14,5.78,LK,1682057410
193,batticaloa,7.7102,81.6924,30.57,65,36,2.26,LK,1682057410
194,puerto baquerizo moreno,-0.9,-89.6,26.3,80,70,4.32,EC,1682057411
195,longjing,42.7714,129.4233,10.68,16,19,9.48,CN,1682057411
196,nogliki,51.8333,143.1667,0.19,91,100,11.21,RU,1682057412
197,codrington,-38.2667,141.9667,17.8,74,72,6.02,AU,1682057412
198,kavaratti,10.5669,72.642,29.06,67,97,1.96,IN,1682057413
199,nynashamn,58.9034,17.9479,7.48,71,29,2.69,SE,1682057413
200,agapovka,53.2973,59.1348,14.56,44,99,3.74,RU,1682057414
201,ulladulla,-35.35,150.4667,20.98,59,0,1.87,AU,1682057415
202,petropavlovsk-kamchatsky,53.0452,158.6483,1.33,80,75,8.0,RU,1682057415
203,khandyga,62.6667,135.6,2.21,79,36,1.15,RU,1682057416
204,yelizovo,53.1873,158.3805,2.08,80,75,8.05,RU,1682057416
205,taitung city,22.7583,121.1444,24.15,88,100,2.57,TW,1682057417
206,sao tome,0.3365,6.7273,26.99,82,100,2.11,ST,1682057417
207,kiunga,-6.1219,141.2906,28.55,88,50,1.26,PG,1682057418
208,yeppoon,-23.1333,150.7333,29.88,65,67,8.52,AU,1682057418
209,noratus,40.3755,45.1772,11.97,57,19,4.59,AM,1682057418
210,san antonio de pale,-1.4014,5.6325,27.84,79,97,4.86,GQ,1682057419
211,badger,64.8,-147.5333,3.93,65,20,0.0,US,1682057420
212,beyneu,45.3167,55.2,19.63,14,51,11.73,KZ,1682057420
213,chenaran,36.6455,59.1212,19.77,16,1,0.63,IR,1682057421
214,da lat,11.9465,108.4419,25.55,58,84,1.5,VN,1682057421
215,lerwick,60.1545,-1.1494,5.0,88,4,1.47,GB,1682057423
216,ribeira brava,32.65,-17.0667,19.45,88,82,4.88,PT,1682057424
217,nasirabad,26.3,74.7333,33.6,7,0,2.9,IN,1682057425
218,suva,-18.1416,178.4415,25.71,89,75,2.57,FJ,1682057425
219,amahai,-3.3333,128.9167,29.28,73,61,3.34,ID,1682057425
220,changji,44.0167,87.3167,13.44,26,0,1.0,CN,1682057426
221,velasco ibarra,-1.05,-79.6167,23.44,94,100,0.62,EC,1682057426
222,al muwayh,22.4333,41.7583,25.14,42,11,2.89,SA,1682057427
223,nyurba,63.2842,118.3319,-0.4,81,99,4.73,RU,1682057427
224,kapuskasing,49.4169,-82.4331,-0.99,95,100,4.7,CA,1682057428
225,guerrero negro,27.9769,-114.0611,14.8,84,0,3.77,MX,1682057428
226,olonkinbyen,70.9221,-8.7187,-3.49,82,100,8.66,SJ,1682057428
227,afif,23.9065,42.9172,25.36,31,1,3.44,SA,1682057429
228,hermanus,-34.4187,19.2345,13.61,63,95,1.51,ZA,1682057430
229,iwye,53.9299,25.7727,9.75,60,10,4.48,BY,1682057430
230,thinadhoo,0.5333,72.9333,28.95,69,83,2.48,MV,1682057431
231,kapa'a,22.0752,-159.319,22.18,86,75,2.57,US,1682057431
232,kiamba,5.9894,124.6242,29.71,75,73,2.09,PH,1682057432
233,labrador city,52.9463,-66.9114,-2.61,94,100,1.39,CA,1682057432
234,dul'durga,50.6761,113.5931,2.3,14,84,3.92,RU,1682057433
235,urzhar,47.093,81.6294,10.7,38,41,3.94,KZ,1682057433
236,atafu village,-8.5421,-172.5159,28.76,72,93,2.79,TK,1682057434
237,lilongwe,-13.9669,33.7873,19.72,83,3,1.85,MW,1682057434
238,namtsy,62.7161,129.6658,-0.77,79,97,2.72,RU,1682057434
239,firuzabad,28.8438,52.5707,22.41,26,1,0.86,IR,1682057435
240,igarka,67.4667,86.5833,-2.3,86,98,6.83,RU,1682057435
241,bel ombre,-4.6167,55.4167,29.29,67,99,2.58,SC,1682057436
242,georgetown,5.4112,100.3354,32.96,66,20,3.6,MY,1682057436
243,ada,43.4166,-116.1262,7.34,48,100,4.12,US,1682057437
244,khash,28.2211,61.2158,23.88,9,12,1.51,IR,1682057438
245,loreto,22.2667,-101.9667,20.58,26,59,2.9,MX,1682057438
246,mansa,29.9833,75.3833,34.14,13,0,2.03,IN,1682057439
247,cresskill,40.9415,-73.9593,11.66,73,0,0.0,US,1682057439
248,vila velha,-20.3297,-40.2925,23.97,80,100,5.66,BR,1682057440
249,constantia,44.1833,28.65,9.38,87,100,7.19,RO,1682057440
250,ponta delgada,37.7333,-25.6667,13.4,76,40,9.77,PT,1682057440
251,kingston,17.997,-76.7936,24.58,84,16,1.25,JM,1682057441
252,peace river,56.2501,-117.286,4.81,59,100,2.79,CA,1682057441
253,north bend,43.4065,-124.2243,10.95,88,100,8.23,US,1682057442
254,la passe,45.5549,-0.8967,6.68,82,95,4.63,FR,1682057442
255,robertsport,6.7533,-11.3686,25.7,85,98,5.13,LR,1682057443
256,villa huidobro,-34.8383,-64.5869,15.64,50,87,5.42,AR,1682057443
257,princeville,45.7668,-61.2985,3.11,93,100,8.75,CA,1682057444
258,ancud,-41.8697,-73.8203,11.41,89,100,2.01,CL,1682057444
259,san juan de miraflores,-12.1629,-76.9635,22.32,82,100,3.92,PE,1682057445
260,kish,26.5578,54.0194,27.15,57,2,5.14,IR,1682057446
261,arraial do cabo,-22.9661,-42.0278,22.82,60,81,7.17,BR,1682057446
262,murghob,38.1702,73.9667,-2.58,52,97,2.38,TJ,1682057447
263,camocim,-2.9022,-40.8411,24.38,91,91,2.67,BR,1682057447
264,fauske,67.2588,15.3918,6.08,99,100,2.31,NO,1682057448
265,yanchep,-31.55,115.6833,28.07,30,77,2.68,AU,1682057448
266,shush,32.1942,48.2436,30.36,15,12,1.18,IR,1682057449
267,impfondo,1.6381,18.0667,21.62,97,100,3.6,CG,1682057450
268,mirnyy,62.5353,113.9611,-0.98,46,96,4.02,RU,1682057450
269,madras,13.0878,80.2785,35.99,73,20,6.69,IN,1682057219
270,tallulah,32.4085,-91.1868,21.0,73,0,3.6,US,1682057451
271,puerto san jose,13.9256,-90.8244,27.93,71,100,3.28,GT,1682057452
272,winnemucca,40.973,-117.7357,9.03,37,100,3.6,US,1682057452
273,kyabe,9.4515,18.9449,30.16,46,63,4.23,TD,1682057452
274,nanlong,31.3533,106.0631,14.55,94,100,5.88,CN,1682057453
275,pitanga,-24.7572,-51.7614,6.81,86,0,1.48,BR,1682057453
276,la gi,10.6667,107.7833,31.5,67,95,5.57,VN,1682057454
277,itaguacu,-19.8019,-40.8556,20.54,87,95,1.98,BR,1682057454
278,zeya,53.75,127.2667,4.2,40,100,5.46,RU,1682057455
279,saldanha,-33.0117,17.9442,12.91,70,51,3.28,ZA,1682057456
280,magadan,59.5667,150.8,1.65,81,100,10.8,RU,1682057453
281,ust-nera,64.5667,143.2,-0.37,82,100,2.52,RU,1682057456
282,el granada,37.5027,-122.4694,14.12,71,0,6.69,US,1682057457
283,sandnessjoen,66.0217,12.6316,6.06,94,75,6.69,NO,1682057457
284,fetsund,59.929,11.1625,7.25,84,66,1.9,NO,1682057458
285,geneseo,42.7959,-77.8169,11.99,78,85,3.23,US,1682057458
286,manta,-0.95,-80.7333,24.88,100,100,1.03,EC,1682057458
287,vanino,49.0869,140.2543,5.43,61,100,5.76,RU,1682057459
288,leh,34.1667,77.5833,0.85,63,94,3.22,IN,1682057459
289,zvenihorodka,49.0787,30.9675,7.19,94,100,7.02,UA,1682057460
290,haiku-pauwela,20.9219,-156.3051,23.36,90,40,3.09,US,1682057460
291,mejit,10.2753,170.8646,26.87,78,75,8.81,MH,1682057461
292,zaozersk,69.4005,32.4476,0.83,91,100,5.69,RU,1682057462
293,vernon,50.2581,-119.2691,6.63,60,100,4.47,CA,1682057462
294,ouadda,8.0777,22.4007,25.86,62,48,2.26,CF,1682057464
295,brisas de zicatela,15.8369,-97.0419,26.94,77,73,4.25,MX,1682057465
296,kaspiyskiy,45.3929,47.3707,13.96,63,79,4.44,RU,1682057465
297,cacequi,-29.8836,-54.825,9.02,66,0,2.3,BR,1682057465
298,holualoa,19.6228,-155.9522,23.91,88,75,3.6,US,1682057466
299,bullsbrook,-31.6667,116.0,28.28,21,0,2.57,AU,1682057467
300,tabou,4.423,-7.3528,26.08,85,100,2.0,CI,1682057468
301,chimala,-8.85,34.0167,20.08,84,94,0.71,TZ,1682057469
302,college,64.8569,-147.8028,3.97,52,20,0.0,US,1682057469
303,s'arenal,39.5,2.75,14.35,89,20,1.03,ES,1682057470
304,oranjemund,-28.55,16.4333,12.24,78,0,3.78,NA,1682057470
305,chernyshevskiy,63.0128,112.4714,-2.77,75,72,3.07,RU,1682057471
306,howard springs,-12.497,131.047,31.66,70,62,4.6,AU,1682057471
307,lata,40.1629,-8.3327,7.82,84,76,1.57,PT,1682057472
308,kuala belait,4.5833,114.1833,29.78,69,99,3.22,BN,1682057472
309,ciudad bolivar,8.1222,-63.5497,25.94,78,96,5.4,VE,1682057473
310,wajir,1.7471,40.0573,28.9,63,88,5.14,KE,1682057473
311,bor,56.3567,44.0669,13.96,51,94,2.06,RU,1682057473
312,nikel,69.4128,30.222,2.1,92,100,4.36,RU,1682057474
313,sumberpucung,-8.1586,112.4829,27.64,79,99,1.47,ID,1682057474
314,celldomolk,47.2571,17.1503,10.05,75,97,1.53,HU,1682057475
315,jutai,-5.1833,-68.9,22.9,99,100,1.06,BR,1682057475
316,nagqu,31.5,92.0,6.12,32,90,9.08,CN,1682057476
317,shakiso,5.75,38.9167,18.1,89,97,1.17,ET,1682057476
318,banyo,6.75,11.8167,19.94,86,78,1.41,CM,1682057477
319,zima,53.9202,102.0442,2.14,23,90,3.34,RU,1682057477
320,aldan,58.6031,125.3894,-3.21,86,100,6.1,RU,1682057477
321,beawar,26.1,74.3167,33.38,8,0,2.6,IN,1682057332
322,inirida,3.8653,-67.9239,23.32,93,97,0.72,CO,1682057478
323,northam,51.0333,-4.2167,7.01,85,36,4.54,GB,1682057479
324,tarawa,1.419,172.984,30.05,74,20,2.57,KI,1682057480
325,marsh harbour,26.5412,-77.0636,23.44,78,1,5.35,BS,1682057480
326,hecun,36.5333,114.1111,8.76,68,100,5.86,CN,1682057480
327,bondoukou,8.0333,-2.8,23.05,90,24,3.96,CI,1682057481
328,kharovsk,59.9642,40.1912,4.49,76,100,0.78,RU,1682057481
329,afaahiti,-17.75,-149.2833,27.81,80,100,9.76,PF,1682057482
330,palmas,-10.2128,-48.3603,23.93,100,40,1.03,BR,1682057482
331,ataq,14.5377,46.8319,26.91,30,36,3.33,YE,1682057482
332,langzhong,31.5504,105.9938,13.24,93,100,5.57,CN,1682057483
333,gizo,-8.103,156.8419,28.77,69,90,2.9,SB,1682057483
334,newman,37.3138,-121.0208,14.99,77,7,0.89,US,1682057484
335,nassau,40.7507,-73.5829,11.63,80,0,0.45,US,1682057484
336,kone,-21.0595,164.8658,26.17,82,36,2.19,NC,1682057484
337,ngudu,-2.9667,33.3333,22.4,68,100,2.77,TZ,1682057485
338,gardnerville ranchos,38.8882,-119.7413,11.55,51,20,2.57,US,1682057485
339,puerto deseado,-47.7503,-65.8938,15.07,41,100,5.84,AR,1682057486
340,buston,40.2342,69.6948,19.1,32,44,2.0,TJ,1682057486
341,namibe,-15.1961,12.1522,24.0,83,96,1.08,AO,1682057486
342,al qitena,14.8648,32.3668,32.9,9,0,5.01,SD,1682057487
343,bogande,12.9714,-0.1436,29.14,13,99,2.26,BF,1682057487
344,raja,8.4596,25.678,28.33,44,41,2.5,SS,1682057488
345,itamaraca,-7.7478,-34.8256,26.03,77,63,2.54,BR,1682057488
346,nova vicosa,-17.8919,-39.3719,24.41,89,100,7.34,BR,1682057488
347,port blair,11.6667,92.75,32.15,54,44,1.87,IN,1682057489
348,cabedelo,-6.9811,-34.8339,24.37,73,94,3.43,BR,1682057490
349,rongelap,11.1635,166.8941,26.9,78,71,8.85,MH,1682057490
350,baotou,40.6522,109.8222,11.63,37,99,2.69,CN,1682057491
351,crane,31.3974,-102.3501,19.57,19,11,3.79,US,1682057491
352,huilong,31.8111,121.655,15.76,51,8,7.88,CN,1682057491
353,talakan,50.3167,130.3667,4.0,70,100,5.58,RU,1682057492
354,port macquarie,-31.4333,152.9167,21.05,61,68,6.58,AU,1682057492
355,touros,-5.1989,-35.4608,26.41,75,100,4.0,BR,1682057493
356,mildura,-34.2,142.15,22.82,50,0,4.39,AU,1682057464
357,shubarkuduk,49.1447,56.4872,15.01,29,81,8.05,KZ,1682057494
358,norderney,53.7,7.15,9.54,89,23,10.44,DE,1682057495
359,semey,50.4111,80.2275,7.12,29,0,3.0,KZ,1682057495
360,howrah,22.5892,88.3103,39.0,27,40,4.63,IN,1682057396
361,nieuw amsterdam,5.8833,-55.0833,25.08,91,100,3.17,SR,1682057496
362,leogane,18.5108,-72.6339,25.11,80,14,0.71,HT,1682057496
363,mweka,-4.85,21.5667,23.21,83,100,0.73,CD,1682057497
364,ola,59.5833,151.2833,2.06,78,100,11.66,RU,1682057497
365,teguise,29.0605,-13.564,13.12,72,20,2.06,ES,1682057498
366,hammerfest,70.6634,23.6821,0.25,93,100,5.14,NO,1682057499
367,tejen,37.3834,60.5054,25.44,11,20,6.85,TM,1682057500
368,axtla de terrazas,21.4667,-98.85,25.94,89,72,0.45,MX,1682057500
369,aoulef,26.9667,1.0833,22.83,21,1,3.94,DZ,1682057500
370,micheweni,-4.9667,39.8333,27.93,76,99,3.09,TZ,1682057501
371,krasnoslobodsk,48.7072,44.5714,9.9,46,40,4.0,RU,1682057501
372,kingscliff,-28.2667,153.5667,23.74,68,40,7.2,AU,1682057502
373,tura,25.5198,90.2201,33.27,43,21,3.68,IN,1682057502
374,hohhot,40.8106,111.6522,11.61,43,94,2.86,CN,1682057312
375,sitka,57.0531,-135.33,7.94,53,40,3.09,US,1682057503
376,saint-paul,-21.0096,55.2707,30.06,88,13,1.34,RE,1682057503
377,saint-pierre,-21.3393,55.4781,29.82,62,0,5.66,RE,1682057504
378,salinas,36.6777,-121.6555,13.56,66,0,3.09,US,1682057504
379,galliano,29.4422,-90.2992,23.0,83,40,3.6,US,1682057505
380,onega,63.9061,38.1404,1.22,98,100,3.33,RU,1682057505
381,guanica,17.9716,-66.908,23.84,59,1,2.59,PR,1682057505
382,ad dabbah,18.05,30.95,30.23,19,85,5.11,SD,1682057506
383,akureyri,65.6835,-18.0878,1.96,93,100,7.72,IS,1682057507
384,aykhal,66.0,111.5,-5.4,81,96,4.26,RU,1682057441
385,moissala,8.3404,17.7663,29.06,52,80,3.51,TD,1682057509
386,okeho,8.0333,3.35,24.01,90,42,3.38,NG,1682057509
387,rocha,-34.4833,-54.3333,9.2,94,5,2.78,UY,1682057510
388,carora,10.1755,-70.0827,24.17,78,92,3.07,VE,1682057510
389,chancay,-11.5714,-77.2672,22.49,87,100,3.34,PE,1682057511
390,ebon,4.582,168.6964,28.53,77,65,5.13,MH,1682057511
391,la'ie,21.6477,-157.9253,25.98,87,80,0.89,US,1682057512
392,mata-utu,-13.2816,-176.1745,28.5,75,22,4.03,WF,1682057512
393,machico,32.7,-16.7667,19.45,84,40,7.72,PT,1682057513
394,noumea,-22.2763,166.4572,26.99,83,54,4.71,NC,1682057513
395,perry,37.2506,-83.1999,20.4,64,40,2.32,US,1682057514
396,arno,60.1167,18.6333,3.77,84,30,3.09,SE,1682057514
397,tadine,-21.55,167.8833,26.08,75,14,3.68,NC,1682057515
398,tingo maria,-9.2895,-76.0088,20.49,95,100,0.38,PE,1682057515
399,opuwo,-18.0607,13.84,16.76,84,99,3.17,NA,1682057406
400,kapit,2.0167,112.9333,35.48,43,88,1.18,MY,1682057516
401,islamorada,24.9243,-80.6278,25.0,80,7,1.79,US,1682057517
402,ulsteinvik,62.3432,5.8487,7.17,92,20,0.45,NO,1682057517
403,nadym,65.5333,72.5167,0.79,100,100,3.63,RU,1682057518
404,vadso,70.0744,29.7487,2.49,75,75,4.63,NO,1682057518
405,rabigh,22.7986,39.0349,30.82,41,13,2.4,SA,1682057519
406,lachute,45.6501,-74.3325,4.73,79,100,3.83,CA,1682057519
407,mount pearl,47.5166,-52.7813,1.58,96,100,12.86,CA,1682057520
408,lucapa,-8.4192,20.7447,20.04,92,99,0.37,AO,1682057521
409,happy valley-goose bay,53.3168,-60.3315,1.17,93,100,2.06,CA,1682057521
410,hobyo,5.3505,48.5268,29.38,66,78,3.04,SO,1682057522
411,pades,45.0167,22.85,12.14,70,12,0.15,RO,1682057522
412,vikulovo,56.8167,70.6107,6.97,51,50,6.67,RU,1682057523
413,glace bay,46.1969,-59.957,3.92,89,100,9.26,CA,1682057523
414,fort bragg,35.139,-79.006,19.91,67,0,2.57,US,1682057523
415,jieshi,22.8134,115.8257,23.65,91,98,7.25,CN,1682057524
416,fisterra,42.9049,-9.2629,12.64,79,100,5.24,ES,1682057524
417,keflavik,64.0049,-22.5624,6.24,100,40,1.54,IS,1682057525
418,southbridge,42.0751,-72.0334,9.01,80,99,1.07,US,1682057525
419,bayramaly,37.6185,62.1671,23.98,10,1,4.21,TM,1682057525
420,balakhta,55.38,91.6,0.09,99,100,4.34,RU,1682057526
421,constitucion,-35.3333,-72.4167,14.25,89,100,3.17,CL,1682057527
422,saynshand,44.8824,110.1163,12.68,10,37,3.88,MN,1682057527
423,narnaund,29.2167,76.15,35.45,7,2,4.0,IN,1682057528
424,alva,56.1528,-3.8051,7.04,89,2,0.45,GB,1682057528
425,karratha,-20.7377,116.8463,29.49,32,95,8.14,AU,1682057529
426,mana,5.6592,-53.7767,24.85,89,77,3.62,GF,1682057529
427,lashkar gah,31.5938,64.3716,23.56,8,0,1.96,AF,1682057530
428,aktau,43.65,51.2,22.32,20,57,12.26,KZ,1682057448
429,chinde,26.8418,88.0763,27.58,31,77,3.31,NP,1682057531
430,ondjiva,-17.0667,15.7333,16.7,92,100,4.28,AO,1682057531
431,kloulklubed,7.0419,134.2556,31.28,73,100,2.75,PW,1682057532
432,pandan,14.0453,124.1694,30.18,68,11,2.75,PH,1682057532
433,novo aripuana,-5.1206,-60.3797,22.86,98,90,0.71,BR,1682057533
434,huarmey,-10.0681,-78.1522,24.3,84,100,4.17,PE,1682057534
435,tolanaro,-25.0319,46.9987,26.92,66,44,0.59,MG,1682057534
436,port hedland,-20.3167,118.5667,31.03,25,70,7.2,AU,1682057535
437,hirara,24.8,125.2833,22.87,84,96,8.05,JP,1682057462
438,cannonvale,-20.2833,148.7,25.66,65,38,8.15,AU,1682057536
439,mwinilunga,-11.7358,24.4293,19.22,78,40,1.98,ZM,1682057536
440,palikir - national government center,6.9248,158.1611,28.47,79,100,4.12,FM,1682057536
441,antonio enes,-16.2325,39.9086,25.52,78,1,2.48,MZ,1682057537
442,al khawr,25.7667,51.3167,29.06,32,0,1.94,QA,1682057537
443,egilsstadir,65.2653,-14.3948,-1.05,86,0,1.03,IS,1682057538
444,gubakha,58.8386,57.5532,8.01,51,100,2.83,RU,1682057538
445,shenjiamen,29.9576,122.298,15.39,82,37,7.15,CN,1682057539
446,yuzhno-kurilsk,44.0306,145.8556,6.74,58,18,11.18,RU,1682057539
447,baikonur,45.6167,63.3167,16.87,18,22,8.64,KZ,1682057540
448,acapulco de juarez,16.8634,-99.8901,26.9,74,20,2.06,MX,1682057540
449,dryden,49.7833,-92.7503,-2.84,86,100,10.29,CA,1682057541
450,vysokiy,58.35,60.05,10.13,43,83,3.42,RU,1682057541
451,diourbel,14.6628,-16.3925,21.17,63,100,7.4,SN,1682057541
452,nabire,-3.3667,135.4833,29.91,71,29,2.37,ID,1682057542
453,szydlowiec,51.2282,20.8611,10.64,69,35,2.84,PL,1682057542
454,walvis bay,-22.9575,14.5053,15.05,87,10,1.31,NA,1682057543
455,la ronge,55.1001,-105.2842,-0.86,69,75,2.57,CA,1682057544
456,lamu,-2.2717,40.902,29.12,75,95,2.96,KE,1682057544
457,berbera,10.4396,45.0143,29.61,69,0,2.25,SO,1682057545
458,acajutla,13.5928,-89.8275,27.24,77,100,3.49,SV,1682057545
459,bereket,39.2446,55.5154,24.51,10,0,9.92,TM,1682057546
460,glazov,58.1394,52.6584,10.03,47,68,2.39,RU,1682057546
461,wakkanai,45.4094,141.6739,6.12,63,18,11.41,JP,1682057247
462,portland,45.5234,-122.6762,9.5,93,100,4.63,US,1682057304
463,plettenberg bay,-34.0527,23.3716,12.4,72,41,4.53,ZA,1682057547
464,san fernando de monte cristi,19.8667,-71.65,24.37,78,37,3.96,DO,1682057548
465,tralee,52.2704,-9.7026,3.6,88,0,3.5,IE,1682057456
466,palangkaraya,-2.2,113.8333,31.65,59,100,0.54,ID,1682057496
467,awjilah,29.1081,21.2869,21.78,23,53,6.43,LY,1682057549
468,las palmas,28.4204,-14.0131,13.44,77,20,2.57,ES,1682057550
469,carutapera,-1.195,-46.02,24.58,93,76,2.16,BR,1682057550
470,ma'rib,15.4591,45.3253,26.85,34,32,1.73,YE,1682057551
471,tupiza,-21.45,-65.7167,11.33,58,2,0.86,BO,1682057553
472,xining,36.6167,101.7667,10.34,44,93,5.25,CN,1682057553
473,beipiao,41.7919,120.7792,15.16,6,40,3.15,CN,1682057553
474,porto novo,6.4965,2.6036,28.9,80,66,4.77,BJ,1682057554
475,benguela,-12.5763,13.4055,23.97,94,100,3.53,AO,1682057554
476,saudarkrokur,65.7461,-19.6394,3.81,97,46,3.63,IS,1682057555
477,acarau,-2.8856,-40.12,25.22,88,43,2.43,BR,1682057555
478,fiambala,-27.6871,-67.6149,17.14,42,20,1.66,AR,1682057556
479,alofi,-19.0595,-169.9187,25.84,72,88,10.98,NU,1682057556
480,brookings,44.3114,-96.7984,2.88,71,100,10.29,US,1682057557
481,aripuana,-9.1667,-60.6333,22.18,99,99,1.0,BR,1682057557
482,selfoss,63.9331,-20.9971,5.26,80,66,1.15,IS,1682057558
483,gadzhiyevo,69.2551,33.3362,1.02,87,100,6.91,RU,1682057558
484,kannus,63.9,23.9,5.81,98,100,0.77,FI,1682057559
485,olinda,-8.0089,-34.8553,25.85,83,75,1.54,BR,1682057559
486,parun,35.4207,70.9221,3.56,67,13,2.52,AF,1682057560
487,kalach-na-donu,48.691,43.5264,8.42,72,100,3.53,RU,1682057560
488,sinaloa de leyva,25.8333,-108.2333,21.98,32,67,0.91,MX,1682057561
489,bandarbeyla,9.4942,50.8122,29.29,61,9,2.17,SO,1682057561
490,beira,-19.8436,34.8389,22.75,80,3,2.73,MZ,1682057562
491,byumba,-1.5763,30.0675,15.11,84,100,0.96,RW,1682057562
492,ciudad lazaro cardenas,17.9583,-102.2,25.88,71,41,2.26,MX,1682057562
493,mbanza kongo,-6.267,14.2401,20.59,98,100,1.89,AO,1682057563
494,gaigeturi,33.4644,126.3183,16.08,76,100,7.57,KR,1682057563
495,miandrivazo,-19.5167,45.4667,27.56,68,57,0.51,MG,1682057564
496,port lincoln,-34.7333,135.8667,18.54,65,37,2.86,AU,1682057564
497,mizusawa,39.1333,141.1333,15.39,32,19,5.68,JP,1682057565
498,otmuchow,50.4663,17.1735,13.74,78,12,0.75,PL,1682057565
499,bandar labuan,5.2888,115.2692,28.65,73,100,2.12,MY,1682057566
500,cedartown,34.0537,-85.255,16.05,84,14,1.93,US,1682057566
501,hita,33.3167,130.9333,24.91,59,100,3.58,JP,1682057567
502,villa dolores,-31.9459,-65.1896,16.53,54,100,0.48,AR,1682057567
503,gilleleje,56.122,12.3106,9.65,59,12,4.47,DK,1682057567
504,batouri,4.4333,14.3667,20.86,95,100,1.33,CM,1682057568
505,mirny,62.5353,113.9611,-0.98,46,96,4.02,RU,1682057450
506,urangan,-25.3,152.9,25.67,67,26,9.88,AU,1682057569
507,flying fish cove,-10.4217,105.6791,27.21,72,68,6.42,CX,1682057569
508,broome,42.2506,-75.833,12.53,71,92,0.89,US,1682057569
509,hilo,19.7297,-155.09,25.16,87,100,2.57,US,1682057570
510,al qusiyah,27.4402,30.8184,18.98,44,0,6.8,EG,1682057570
511,eastham,41.8301,-69.9739,8.32,86,0,2.06,US,1682057571
512,nakamura,32.9833,132.9333,22.51,64,100,2.29,JP,1682057571
513,mamadysh,55.7152,51.408,13.6,53,99,1.42,RU,1682057572
514,hillsboro,45.5229,-122.9898,9.2,86,75,3.6,US,1682057572
515,fort st. john,56.2499,-120.8529,2.94,65,20,6.69,CA,1682057573
516,ambovombe,-25.1667,46.0833,26.36,61,4,1.46,MG,1682057573
517,mahdia,35.5047,11.0622,16.97,77,47,10.13,TN,1682057574
518,sao vicente,-23.9631,-46.3919,20.55,26,0,1.39,BR,1682057574
519,kangding,30.0513,101.9603,17.02,73,85,2.72,CN,1682057575
520,khorixas,-20.3667,14.9667,21.09,52,100,4.34,NA,1682057408
521,bargas,39.9411,-4.0198,10.16,56,69,0.73,ES,1682057576
522,al-hamdaniya,36.2715,43.3737,20.63,55,31,0.82,IQ,1682057576
523,atlantic beach,30.3344,-81.3987,23.01,80,0,4.12,US,1682057577
524,maun,-19.9833,23.4167,17.98,55,0,1.54,BW,1682057577
525,rikaze,29.25,88.8833,14.33,13,31,1.78,CN,1682057578
526,oriximina,-1.7656,-55.8661,23.17,96,47,1.27,BR,1682057578
527,dakhla,23.6848,-15.958,18.16,77,2,5.87,EH,1682057578
528,shingu,33.7333,135.9833,21.45,69,98,2.08,JP,1682057417
529,ikwiriri,-7.9562,38.9716,25.83,90,85,1.32,TZ,1682057579
530,zinjibar,13.1287,45.3807,29.19,66,2,7.11,YE,1682057580
531,san patricio,28.017,-97.5169,25.5,95,11,2.77,US,1682057580
532,macapa,0.0389,-51.0664,24.99,100,75,2.06,BR,1682057581
533,hadibu,12.65,54.0333,29.58,54,4,1.32,YE,1682057581
534,cavelossim,15.1726,73.9419,32.1,56,5,4.13,IN,1682057582
535,dunda,-8.1167,34.25,18.86,91,99,1.04,TZ,1682057582
536,kivioli,59.3531,26.9711,6.53,88,90,2.48,EE,1682057583
537,alaghsas,17.0187,8.0168,26.94,26,48,1.03,NE,1682057583
538,buchach,49.0625,25.388,8.56,76,100,4.21,UA,1682057584
539,itacare,-14.2775,-38.9967,25.97,90,42,3.79,BR,1682057585
540,kinik,39.0872,27.3833,14.62,68,50,0.27,TR,1682057586
541,uvalde,29.3669,-99.767,21.55,90,100,0.0,US,1682057586
542,pathein,16.7833,94.7333,36.24,35,0,6.76,MM,1682057587
543,buala,-8.145,159.5921,28.42,73,84,2.46,SB,1682057384
544,obihiro,42.9172,143.2044,9.72,42,42,10.45,JP,1682057401
545,onati,43.0178,-2.4068,9.26,97,98,1.53,ES,1682057589
546,ribas do rio pardo,-20.4431,-53.7592,14.01,87,0,1.45,BR,1682057589
547,san luis,-33.295,-66.3356,15.7,52,100,3.99,AR,1682057590
548,richards bay,-28.783,32.0377,21.23,81,99,9.06,ZA,1682057590
549,lobujya,27.95,86.8167,-4.06,89,76,4.88,NP,1682057591
550,ginir,7.1333,40.7,18.99,68,87,3.22,ET,1682057592
551,aswan,24.0934,32.907,25.43,19,1,7.8,EG,1682057592
552,jinchang,38.4953,102.1739,5.78,46,100,4.28,CN,1682057593
553,san pedro pochutla,15.7333,-96.4667,26.51,78,99,2.46,MX,1682057593
554,jobner,26.9667,75.3833,33.68,7,0,3.81,IN,1682057594
555,belmonte,-15.8631,-38.8828,24.99,87,86,1.76,BR,1682057594
556,cody,44.5263,-109.0565,-3.11,86,75,2.57,US,1682057595
557,ruteng,-8.6136,120.4721,20.66,80,88,0.56,ID,1682057595
558,pechora,65.1472,57.2244,0.74,80,99,3.73,RU,1682057596
559,kaa-khem,51.6833,94.7333,0.98,28,50,1.32,RU,1682057596
560,buka,40.8108,69.1986,19.52,26,36,2.15,UZ,1682057597
561,sassandra,4.95,-6.0833,25.41,90,99,2.08,CI,1682057597
562,santiago de cao,-7.9589,-79.2392,23.07,83,75,2.57,PE,1682057598
563,edd,13.9297,41.6925,31.04,59,59,0.63,ER,1682057598
